city_name,county_name,lat,long
Shabbona,DeKalb,41.7680851,-88.8770311
La Prairie,Adams,40.1478242,-91.002913
New Baden,Clinton,38.5350488,-89.7006499
Naplate,La Salle,41.3336449,-88.8781334
Long Lake,Lake,42.3708546,-88.1275828
Ellis Grove,Randolph,38.0089404,-89.9059408
Hord,Clay,38.8844898,-88.5211595
Bunker Hill,Macoupin,39.0428239,-89.951769
Stockland,Iroquois,40.6144809,-87.592803
Martinton,Iroquois,40.9158671,-87.7253124
Altona,Knox,41.1147594,-90.1645637
Aurora,Kane,41.7605849,-88.3200715
Highland Hills,DuPage,41.8491966,-88.004509
Wilmington,Greene,39.4806831,-90.4867659
Monroe Center,Ogle,42.0983583,-89.000655
Akin,Franklin,37.9881043,-88.7475606
Tower Lake,Lake,42.2319682,-88.1520248
Beach Park,Lake,42.4222435,-87.8572955
Staunton,Macoupin,39.0122684,-89.7912063
Chester,Randolph,37.9136628,-89.8220505
Colona,Henry,41.4839233,-90.3531827
Thayer,Sangamon,39.5381087,-89.7631533
Patoka,Marion,38.7553259,-89.0953417
Dwight,Livingston,41.0944767,-88.4250597
Port Byron,Rock Island,41.6064219,-90.3354061
Golden Gate,Wayne,38.3594924,-88.2042078
Round Lake Park,Lake,42.3569661,-88.0767474
Pesotum,Champaign,39.9147532,-88.2733827
Seward,Winnebago,42.2389105,-89.3578886
Schiller Park,Cook,41.9558637,-87.8708965
Kempton,Ford,40.9355888,-88.237273
University Park,Cook,41.5922565,-87.6853251
New Grand Chain,Pulaski,37.2519964,-89.0211814
Orangeville,Stephenson,42.4683453,-89.6440073
Volo,Lake,42.3261332,-88.167861
Hollowayville,Bureau,41.3650354,-89.2970323
Gardner,Grundy,41.1855879,-88.3097828
Park Forest,Cook,41.4914236,-87.6744891
Jewett,Cumberland,39.2078171,-88.2458744
Lisbon,Kendall,41.4814196,-88.482293
Maple Park,Kane,41.9075282,-88.5992494
Oak Brook,DuPage,41.8328085,-87.9289504
Cottonwood,Gallatin,37.8892127,-88.2130941
National City,Saint Clair,38.6456062,-90.160943
Valley City,Pike,39.7069913,-90.652627
Irvington,Washington,38.4392162,-89.1628512
Camargo,Douglas,39.8003105,-88.1639315
Gifford,Champaign,40.305868,-88.0211489
Omaha,Gallatin,37.8903243,-88.3030977
Atwood,Douglas,39.7994772,-88.4622789
McClure,Alexander,37.317828,-89.4314781
Matherville,Mercer,41.2597571,-90.6079133
Elburn,Kane,41.8922499,-88.4723014
Grafton,Jersey,38.9700484,-90.4315046
Grantfork,Madison,38.8300469,-89.6656453
Burnham,Cook,41.638924,-87.5567108
Shorewood,Will,41.5200305,-88.2017293
Danvers,McLean,40.5294818,-89.1773055
Minonk,Woodford,40.9044778,-89.0345224
Melrose Park,Cook,41.9005865,-87.8567277
Savanna,Carroll,42.0944672,-90.1567944
Lena,Stephenson,42.3794586,-89.8223426
Deer Park,Lake,42.1608585,-88.0814651
Crete,Will,41.4444791,-87.6314312
Mattoon,Coles,39.4830897,-88.3728255
Berkeley,Cook,41.8889194,-87.9033956
Camden,Schuyler,40.1536572,-90.7706859
Stonington,Christian,39.6400426,-89.1928608
Heyworth,McLean,40.3133698,-88.9736901
Ruma,Randolph,38.1350512,-89.9978864
Bushnell,McDonough,40.5528183,-90.50624
New Lenox,Will,41.5119761,-87.9656098
Illiopolis,Sangamon,39.8536535,-89.2420291
Strasburg,Shelby,39.3525383,-88.619224
Weldon,De Witt,40.1211468,-88.7453497
Bethalto,Madison,38.9092138,-90.0406608
Edwardsville,Madison,38.8114364,-89.953157
Peoria,Peoria,40.6936488,-89.5889864
Port Barrington,McHenry,42.2425236,-88.2020267
Buffalo Grove,Cook,42.1514146,-87.959794
Wilsonville,Macoupin,39.0708798,-89.8562091
Saint Peter,Fayette,38.8681017,-88.8539455
Edgewood,Effingham,38.9206006,-88.6614402
Makanda,Jackson,37.6175502,-89.2089717
Fairmount,Vermilion,40.0455911,-87.8305838
Ridgewood,Will,41.5355867,-88.0403351
Lakewood,Shelby,39.325041,-88.8995161
Fayetteville,Saint Clair,38.3775489,-89.7953771
North Barrington,Lake,42.207802,-88.1406349
Sibley,Ford,40.5869788,-88.3811648
Hollywood Heights,Saint Clair,38.6325493,-89.9964929
Chadwick,Carroll,42.0133599,-89.8906765
Oakwood,Vermilion,40.1161471,-87.7783592
Belle Rive,Jefferson,38.2328265,-88.740615
Kinderhook,Pike,39.7022686,-91.1531957
Pekin,Tazewell,40.5675388,-89.640658
Macomb,McDonough,40.4592076,-90.6717971
London Mills,Fulton,40.7105947,-90.2662355
Bradford,Stark,41.1772594,-89.6575977
Ava,Jackson,37.8883846,-89.4948169
Rockford,Winnebago,42.2711311,-89.0939952
Elvaston,Hancock,40.3950447,-91.2495909
Trout Valley,McHenry,42.1980798,-88.2534159
Harvard,McHenry,42.422241,-88.6137101
Holbrook,Cook,41.5383681,-87.6367113
Lake Fork,Logan,39.9706009,-89.3500939
Calumet City,Cook,41.6155909,-87.5294871
Keensburg,Wabash,38.3506026,-87.8686416
Round Lake Heights,Lake,42.3800212,-88.1042489
Bolingbrook,Will,41.6986416,-88.0683955
Percy,Randolph,38.0164398,-89.6187089
Maeystown,Monroe,38.224776,-90.2334494
Wheaton,DuPage,41.8661403,-88.1070127
Emington,Livingston,40.9697547,-88.3581096
Damiansville,Clinton,38.5100492,-89.619536
Tremont,Tazewell,40.5275392,-89.4925979
Prairie Grove,McHenry,42.2786339,-88.2609184
Lincolnshire,Lake,42.1900249,-87.9084039
Union Hill,Kankakee,41.1075321,-88.1467188
Saint David,Fulton,40.4933728,-90.0487284
Pearl,Pike,39.4597701,-90.6259588
Stonefort,Saline,37.6142165,-88.7081133
Joy,Mercer,41.1967002,-90.8804201
Forreston,Ogle,42.1261367,-89.5792801
Marine,Madison,38.7864361,-89.7775939
East Carondelet,Saint Clair,38.5419967,-90.2328909
Sheffield,Bureau,41.3583693,-89.7373226
Palos Hills,Cook,41.6966992,-87.8169984
Johnston City,Williamson,37.8206053,-88.9275695
La Salle,La Salle,41.3333679,-89.0917497
Rosewood Heights,Madison,38.8878254,-90.0848287
Sherman,Sangamon,39.8936608,-89.6048231
Oliver,Edgar,39.4839238,-87.6814159
Albion,Edwards,38.3775484,-88.0561465
Berlin,Sangamon,39.7589387,-89.9031635
Westfield,Clark,39.4564247,-87.996146
Hopedale,Tazewell,40.4208735,-89.4145404
Merna,McLean,40.5167017,-88.8259031
Herod,Pope,37.5803268,-88.4361547
Maywood,Cook,41.8791979,-87.8431155
Peotone,Will,41.3322554,-87.7853217
Murrayville,Morgan,39.5856024,-90.2520645
Palos Park,Cook,41.6672547,-87.8303316
Irwin,Kankakee,41.0522543,-87.9839333
Greenup,Cumberland,39.2478159,-88.1633719
Russell,Lake,42.4905758,-87.9125769
Countryside,Cook,41.7828093,-87.8781139
Davis,Stephenson,42.4225149,-89.4137259
Midland City,De Witt,40.1453171,-89.133698
Quincy,Adams,39.9356016,-91.4098727
Cisco,Piatt,40.0114248,-88.7261827
Rock City,Stephenson,42.4133485,-89.468171
Pomona,Jackson,37.6281057,-89.3367556
Lindenwood,Ogle,42.0530821,-89.0306545
Nason,Jefferson,38.1761609,-88.9675689
Belvidere,Boone,42.2639098,-88.8442674
North Aurora,Kane,41.8061399,-88.3272952
Bluffs,Scott,39.7519902,-90.5351258
Farmington,Fulton,40.6980933,-90.0059483
Warrenville,DuPage,41.817807,-88.1734021
Chatham,Sangamon,39.676163,-89.7045439
Cowden,Shelby,39.2483753,-88.8622895
Saint Jacob,Madison,38.7139365,-89.7681496
Atkinson,Henry,41.4208678,-90.0151121
Lakewood,McHenry,42.22919,-88.355086
Yates City,Knox,40.7786485,-90.0148371
Fox Lake Hills,Lake,42.4080763,-88.1317505
Armington,Tazewell,40.3389293,-89.3114813
Steger,Cook,41.4700348,-87.636432
Banner,Fulton,40.5169834,-89.9084461
Willow Springs,Cook,41.7408652,-87.8603343
Payson,Adams,39.8169907,-91.2423657
Wedges Corner,Lake,42.3861325,-88.0042454
Yorkville,Kendall,41.6411409,-88.4472948
Shipman,Macoupin,39.1175462,-90.0442728
Cuba,Fulton,40.4928181,-90.1906768
Abingdon,Knox,40.8044833,-90.4017954
Polo,Ogle,41.986141,-89.5792782
Millburn,Lake,42.425854,-88.0039684
Alvan,Vermilion,40.3070286,-87.606903
Goodings Grove,Will,41.6291984,-87.9308893
Morrison,Whiteside,41.809751,-89.9651186
Diamond,Grundy,41.2886428,-88.2517287
Onarga,Iroquois,40.715035,-88.0061509
Ashley,Washington,38.3294942,-89.1909097
Windsor,Shelby,39.4408693,-88.5947802
Tamms,Alexander,37.23505,-89.2700811
Radom,Washington,38.2819943,-89.1922994
Justice,Cook,41.7444765,-87.8378337
Steeleville,Randolph,38.007273,-89.6584326
Cypress,Johnson,37.3650516,-89.0181271
Matteson,Cook,41.5039235,-87.7131018
Milledgeville,Carroll,41.9633615,-89.7745604
University Park,Will,41.446004,-87.7153324
Maquon,Knox,40.798927,-90.1656764
Aledo,Mercer,41.1997568,-90.7493063
Machesney Park,Winnebago,42.3472406,-89.0389956
Hampton,Rock Island,41.5558667,-90.4092971
Fox Lake,Lake,42.3966874,-88.1836965
Leonore,La Salle,41.1894788,-88.9806354
Lake Barrington,Lake,42.2125241,-88.1525798
Belleville,Saint Clair,38.5200504,-89.9839935
Hillside,Cook,41.8778084,-87.9028398
Waverly,Morgan,39.5917159,-89.9528847
Wasson,Saline,37.7881031,-88.4847714
Marietta,Fulton,40.5011518,-90.3926259
Braidwood,Will,41.2650318,-88.2122823
Elizabeth,Jo Daviess,42.3177911,-90.221517
Raleigh,Saline,37.8269921,-88.5319958
Beaverville,Iroquois,40.954478,-87.6544781
Broughton,Hamilton,37.9347695,-88.4619932
Fairview,Fulton,40.6333724,-90.1637318
Ramsey,Fayette,39.1444882,-89.108685
Elkville,Jackson,37.9100505,-89.2359165
Stickney,Cook,41.821421,-87.782834
Oakland,Coles,39.6539235,-88.0261471
Roberts,Ford,40.6128127,-88.1833798
Redmon,Edgar,39.6453126,-87.8616975
Coleta,Whiteside,41.9022509,-89.8023374
Loxa,Coles,39.4972564,-88.2672662
Creston,Ogle,41.9308618,-88.9645382
Virginia,Cass,39.9511595,-90.2123427
Athens,Menard,39.9608826,-89.7239944
Central City,Marion,38.5489379,-89.127014
Mokena,Will,41.5261437,-87.8892189
Colchester,McDonough,40.4264306,-90.7926324
Bethany,Moultrie,39.6455916,-88.7381252
Rio,Knox,41.1092036,-90.399851
Haldane,Ogle,42.0625277,-89.5740015
East Dubuque,Jo Daviess,42.4922253,-90.6429054
Minooka,Grundy,41.4553084,-88.2617305
Garden Prairie,Boone,42.25083426,-88.71988959
Plato Center,Kane,42.0266929,-88.4300818
Glasgow,Scott,39.5506029,-90.4801247
Rutland,La Salle,40.9841992,-89.0417467
Peoria Heights,Peoria,40.7472594,-89.5739845
Germantown Hills,Woodford,40.7664259,-89.467869
Bone Gap,Edwards,38.4475492,-87.9958669
Willowbrook,Will,41.457813,-87.5364288
Atlanta,Logan,40.2594846,-89.2334236
Rose Hill,Jasper,39.1036521,-88.1472605
Neoga,Cumberland,39.3194817,-88.4528261
Roachtown,Saint Clair,38.4631066,-90.0409403
Nora,Jo Daviess,42.4558425,-89.9454009
Monee,Will,41.420034,-87.7417115
Carterville,Williamson,37.7600501,-89.0772991
Andalusia,Rock Island,41.4391986,-90.717641
Muncie,Vermilion,40.1155911,-87.844751
Kansas,Edgar,39.5528129,-87.9394779
Ashmore,Coles,39.5330909,-88.0222582
Lyndon,Whiteside,41.7175302,-89.9259481
Industry,McDonough,40.3278211,-90.607073
Argenta,Macon,39.9819808,-88.8228535
Trowbridge,Shelby,39.3103155,-88.5178285
Detroit,Pike,39.6206031,-90.6767936
Irving,Montgomery,39.2058801,-89.4045304
Magnolia,Putnam,41.113646,-89.1945292
French Village,Saint Clair,38.6003279,-90.0501062
Gibson City,Ford,40.4584275,-88.384603
Patton,Wabash,38.4769918,-87.7536396
Baldwin,Randolph,38.1831051,-89.8426029
Fandon,McDonough,40.3683757,-90.7615201
Rockwood,Randolph,37.8406073,-89.7006587
Fairmont,Will,41.5561421,-88.0592251
Buckingham,Kankakee,41.0469767,-88.1753289
Sherrard,Mercer,41.318924,-90.505966
Batchtown,Calhoun,39.0331048,-90.6576221
Browning,Schuyler,40.1289355,-90.3720685
Hamel,Madison,38.8889357,-89.845375
Florence,Stephenson,42.2144666,-89.6598379
Elk Grove Village,Cook,42.0039178,-87.9703461
Browns,Edwards,38.3769927,-87.9830886
Geneseo,Henry,41.4480902,-90.1542849
Wataga,Knox,41.0253155,-90.2798474
Louisville,Clay,38.772269,-88.5025485
De Land,Piatt,40.1222568,-88.6453453
Raymond,Montgomery,39.3194941,-89.5720367
Bonnie,Jefferson,38.2028273,-88.9033993
Crainville,Williamson,37.7519945,-89.0678543
East Alton,Madison,38.8803256,-90.1112184
Loves Park,Winnebago,42.3200189,-89.0581621
Sesser,Franklin,38.0917168,-89.0503512
Colp,Williamson,37.8053279,-89.0800768
Barrington,Cook,42.1539141,-88.1361888
Joslin,Rock Island,41.5572559,-90.2220672
Yorkfield,DuPage,41.8633636,-87.9483964
Energy,Williamson,37.7739389,-89.0264634
South Elgin,Kane,41.9941938,-88.2922996
Arlington Heights,Cook,42.0883603,-87.9806265
Goreville,Johnson,37.5544953,-88.9722932
West Chicago,DuPage,41.8847507,-88.2039607
Addison,DuPage,41.931696,-87.9889556
Lodge,Piatt,40.1061447,-88.5600637
Biggsville,Henderson,40.8536498,-90.8648617
Paderborn,Saint Clair,38.3603288,-90.0426078
Amboy,Lee,41.7141997,-89.3287061
Saunemin,Livingston,40.8930888,-88.4053323
Bartlett,Cook,41.9950276,-88.1856301
East Gillespie,Macoupin,39.1408804,-89.8123181
Monticello,Piatt,40.0278116,-88.5733979
Belle Prairie City,Hamilton,38.2225481,-88.5553307
Rentchler,Saint Clair,38.4914387,-89.8731567
Troy Grove,La Salle,41.4678108,-89.0831383
Toledo,Cumberland,39.2736491,-88.2436523
Christopher,Franklin,37.9725501,-89.053408
Woodson,Morgan,39.628936,-90.2190081
Gulfport,Henderson,40.813928,-91.0862558
Barrington Woods,Cook,42.1522476,-88.0559084
Rockton,Winnebago,42.4525157,-89.0723317
Dieterich,Effingham,39.0619868,-88.3797668
Silvis,Rock Island,41.5122561,-90.4151301
Coatsburg,Adams,40.0328247,-91.1576405
Olney,Richland,38.7308811,-88.0853155
Coal Valley,Rock Island,41.4286456,-90.4609648
Joliet,Will,41.525031,-88.0817252
Del Mar Woods,Lake,42.2000246,-87.8550687
New Hartford,Pike,39.5756027,-90.9101318
Hindsboro,Douglas,39.6850336,-88.1336515
Camp Point,Adams,40.0392139,-91.0693041
Long Creek,Macon,39.8119806,-88.8475739
Williamson,Madison,38.9856018,-89.7639829
Somonauk,DeKalb,41.6336414,-88.6811883
Eldena,Lee,41.771144,-89.410099
Homer Glen,Will,41.6000318,-87.9381112
Darwin,Clark,39.2833716,-87.6119696
Hinsdale,DuPage,41.8008642,-87.9370052
Hopkins Park,Kankakee,41.0633666,-87.6250348
Woodworth,Iroquois,40.6597578,-87.8458672
Forest Park,Cook,41.8794758,-87.81367
Gulf Port,Henderson,40.8076466,-91.0845043
Eureka,Woodford,40.7214251,-89.2728627
Bluffside,Saint Clair,38.4839409,-90.154833
Lake Zurich,Lake,42.1969689,-88.0934108
Granville,Putnam,41.2611471,-89.2275863
Willowbrook,DuPage,41.7697533,-87.9358931
Rockdale,Will,41.506142,-88.1145036
Tunnel Hill,Johnson,37.5236619,-88.8386749
Lexington,McLean,40.6414237,-88.7834001
Gibson City,Ford,40.4584275,-88.384603
Rosemont,Saint Clair,38.6269947,-90.0973298
Westview,Saint Clair,38.5369956,-90.1017753
Evergreen Park,Cook,41.720589,-87.7017175
Floraville,Saint Clair,38.3764401,-90.0562193
Tamaroa,Perry,38.137828,-89.2300807
Paris,Edgar,39.611146,-87.6961374
Okawville,Washington,38.4342164,-89.5503676
Gilman,Iroquois,40.7667015,-87.992262
Otterville,Jersey,39.0506032,-90.3984486
Golf,Cook,42.058918,-87.7925629
Harristown,Macon,39.8539279,-89.0839704
Ewing,Franklin,38.0886603,-88.852287
North City,Franklin,37.9917041,-89.0634786
Woodstock,McHenry,42.3147436,-88.4487021
Oconee,Shelby,39.2855984,-89.1075792
West City,Franklin,37.9939386,-88.9350692
Rushville,Schuyler,40.1211577,-90.5631829
Tuscola,Douglas,39.7991986,-88.2831038
York Center,DuPage,41.8569744,-87.9878421
Tilton,Vermilion,40.0953144,-87.6475213
Burlington,Kane,42.0528038,-88.5481412
Ludlow,Champaign,40.3869787,-88.1275437
Bluford,Jefferson,38.3308817,-88.7258912
Dowell,Jackson,37.9397727,-89.2378608
Benton,Franklin,37.9967163,-88.9200685
Kilbourne,Mason,40.1519897,-90.0101153
Donnellson,Bond,39.027824,-89.4734175
Shiloh,Saint Clair,38.5614383,-89.8973233
Keithsburg,Mercer,41.0994792,-90.942643
Fox River Grove,McHenry,42.2008575,-88.2145259
Virgil,Kane,41.9558606,-88.5373047
Ottawa,La Salle,41.3455892,-88.8425769
Rosiclare,Hardin,37.4236626,-88.3461483
Warrensburg,Macon,39.9328162,-89.0620278
Venice,Madison,38.6722727,-90.169832
Bartonville,Peoria,40.6503158,-89.6520455
Barry,Pike,39.6942135,-91.0390246
Chicago,Cook,41.850033,-87.6500523
Pana,Christian,39.3889311,-89.0800809
River Forest,Cook,41.8978091,-87.8139483
Poag,Madison,38.7969925,-90.0389936
Coffeen,Montgomery,39.0892128,-89.3906379
Media,Henderson,40.7750395,-90.8320824
Eldorado,Saline,37.8136583,-88.4381029
West Salem,Edwards,38.5208829,-88.0047565
Brookfield,Cook,41.8239203,-87.8517253
Wood Dale,DuPage,41.9633625,-87.9789562
Toulon,Stark,41.0936482,-89.8648284
Maroa,Macon,40.0364257,-88.957026
Hillcrest,Ogle,41.9511398,-89.0645413
Franklin Park,Cook,41.9353084,-87.865618
Milan,Rock Island,41.453089,-90.5720803
Shumway,Effingham,39.1850417,-88.6522771
Western Springs,Cook,41.8097533,-87.9006155
Oak Forest,Cook,41.6028116,-87.7439384
Lawrence,McHenry,42.4411294,-88.6412113
Carpentersville,Kane,42.1211364,-88.2578582
Roodhouse,Greene,39.4839361,-90.3715105
Belgium,Vermilion,40.0614255,-87.6380766
Galatia,Saline,37.8406038,-88.6092215
Holiday Hills,McHenry,42.2900226,-88.2248064
Preston Heights,Will,41.4916977,-88.0817244
Dakota,Stephenson,42.3886272,-89.526227
Willisville,Perry,37.9839401,-89.5895415
Lockport,Will,41.5894753,-88.057837
El Dara,Pike,39.6225468,-90.9918007
Mount Sterling,Brown,39.9872707,-90.763463
Mackinaw,Tazewell,40.5369829,-89.3575913
Ursa,Adams,40.0747682,-91.3673712
Campbell Hill,Jackson,37.9300513,-89.5489852
Mitchellsville,Saline,37.6506042,-88.5378274
Kaskaskia,Randolph,37.9214413,-89.9131643
Anna,Union,37.4603274,-89.2470282
Palos Heights,Cook,41.6680885,-87.7964416
Waterman,DeKalb,41.7716963,-88.7736942
Mechanicsburg,Sangamon,39.8094911,-89.3973121
Bismarck,Vermilion,40.2639253,-87.6080755
Buffalo,Sangamon,39.852547,-89.4087032
Sainte Marie,Jasper,38.9322661,-88.0233685
Sorento,Bond,38.998935,-89.5736984
Springerton,White,38.1794917,-88.3542124
Viola,Mercer,41.2030911,-90.5870792
Romeoville,Will,41.6475306,-88.0895061
Lovington,Moultrie,39.71559,-88.6325641
Mulberry Grove,Bond,38.925046,-89.2689626
Wellington,Iroquois,40.5392032,-87.6800257
Galva,Henry,41.167537,-90.0426136
Northfield,Cook,42.09975,-87.7808967
Ridge Farm,Vermilion,39.8955918,-87.6519669
Rockport,Pike,39.5389355,-91.0087457
Markham,Cook,41.5936453,-87.6947699
Wilmington,Will,41.3078094,-88.1467243
Tinley Park,Cook,41.5733669,-87.7844944
East Dundee,Kane,42.0989145,-88.2714689
Seatonville,Bureau,41.3647575,-89.2764763
Du Bois,Washington,38.223939,-89.2123011
Bedford Park,Cook,41.7628101,-87.8000551
Alsip,Cook,41.6689223,-87.7386619
Dallas City,Hancock,40.6361527,-91.1673681
Rinard,Wayne,38.5706035,-88.4656042
Bement,Piatt,39.9219782,-88.572008
Midlothian,Cook,41.6253116,-87.7175491
Bloomingdale,DuPage,41.9575285,-88.0809036
Burgess,Mercer,41.1272583,-90.6415252
Arrowsmith,McLean,40.4494787,-88.6317305
Elizabethtown,Hardin,37.4458846,-88.3050357
Carbon Hill,Grundy,41.2969763,-88.3000634
Hooppole,Henry,41.5222555,-89.9098306
Hardin,Calhoun,39.1567149,-90.6178995
Clinton,De Witt,40.1536479,-88.9645253
Fults,Monroe,38.1661647,-90.2159496
Dolton,Cook,41.6389236,-87.607268
Joppa,Massac,37.2064423,-88.8447822
Lake Ka-Ho,Macoupin,39.0997693,-89.7470374
Esmond,DeKalb,42.0336383,-88.9356512
Klondike,Lake,42.424187,-88.1492515
Ohio,Bureau,41.5575349,-89.4609276
Benld,Macoupin,39.0928246,-89.8039845
Stockton,Jo Daviess,42.3497355,-90.0067917
Mounds,Pulaski,37.1142176,-89.197853
Park City,Lake,42.3483554,-87.8842397
Montrose,Effingham,39.1653182,-88.3792116
Roselle,DuPage,41.9847505,-88.0797933
Norris,Fulton,40.6258717,-90.0320607
South Roxana,Madison,38.8294924,-90.0628834
Assumption,Christian,39.5203188,-89.0489712
Darien,DuPage,41.7519754,-87.9739494
Carmi,White,38.0908796,-88.1586488
Winchester,Scott,39.6297689,-90.4562355
Malden,Bureau,41.4244797,-89.3692566
North Pekin,Tazewell,40.6150384,-89.6223229
Prairie View,Lake,42.1991913,-87.9556284
Mount Carroll,Carroll,42.0950233,-89.9781797
Henning,Vermilion,40.3050364,-87.7008567
Sandoval,Marion,38.6156043,-89.1142343
Jeffersonville,Wayne,38.4423957,-88.4039719
Wilton Center,Will,41.3514208,-87.9597728
Allendale,Wabash,38.5267143,-87.7097495
Wheeler,Jasper,39.0467094,-88.3164319
Thebes,Alexander,37.2208838,-89.4609209
East Galesburg,Knox,40.9478158,-90.3101264
Concord,Morgan,39.8167136,-90.3729016
Naples,Scott,39.7572686,-90.6073489
Genoa,DeKalb,42.097248,-88.6928688
Sparta,Randolph,38.1231053,-89.7017658
Stallings,Madison,38.7247712,-90.0631612
Smithton,Saint Clair,38.4086616,-89.9920501
Balcom,Union,37.4131056,-89.2061922
Tampico,Whiteside,41.63031,-89.7862177
Chesterville,Douglas,39.7033662,-88.391163
Columbus,Adams,39.9881027,-91.1468068
Deer Creek,Tazewell,40.6300374,-89.3325886
Lincolnwood,Cook,42.0044757,-87.7300594
Knollwood,Lake,42.2861339,-87.8856275
Homer,Champaign,40.0347569,-87.9580892
Woodhull,Henry,41.1789256,-90.3159582
Kirkland,DeKalb,42.0925258,-88.8512063
Gays,Moultrie,39.4580898,-88.4939406
Rardin,Coles,39.6042011,-88.1017056
Le Roy,McLean,40.3519795,-88.764237
Roanoke,Woodford,40.7961465,-89.1973042
Reynolds,Rock Island,41.3297558,-90.670416
New Douglas,Madison,38.9700463,-89.6664793
Chicago Heights,Cook,41.506146,-87.6355995
Glenwood,Cook,41.5425349,-87.6022658
Penfield,Champaign,40.3033684,-87.9467009
Winslow,Stephenson,42.4925096,-89.7923428
Campton Hills,Kane,41.93749,-88.397849
Worden,Madison,38.9314354,-89.838986
Collison,Vermilion,40.2250359,-87.8039159
Alexis,Warren,41.0633703,-90.5559675
Wood River,Madison,38.861159,-90.0976069
Milton,Pike,39.5644921,-90.6504043
Tower Lakes,Lake,42.2315314,-88.1538298
La Grange,Cook,41.8050314,-87.8692254
West Dundee,Kane,42.0980812,-88.2828581
Glencoe,Cook,42.1350268,-87.7581188
Fidelity,Jersey,39.1528243,-90.1645547
Manteno,Kankakee,41.2505881,-87.8314324
Collinsville,Madison,38.6703267,-89.9845476
Tilden,Randolph,38.2119935,-89.6825971
Evansville,Randolph,38.0903289,-89.9384406
Philo,Champaign,40.0069761,-88.1580999
Shobonier,Fayette,38.869491,-89.0886763
Forest Lake,Lake,42.2075244,-88.0556323
Elwood,Will,41.4039201,-88.1117242
Creal Springs,Williamson,37.6194946,-88.8367311
Palmyra,Macoupin,39.4347699,-89.9959401
Mount Prospect,Cook,42.0664167,-87.9372908
German Valley,Stephenson,42.2155786,-89.4734459
Lansing,Cook,41.5647575,-87.538931
Prospect Heights,Cook,42.0953049,-87.9375694
Latham Park,Winnebago,42.3683511,-89.0628854
Henderson,Knox,41.0250376,-90.356239
Sidney,Champaign,40.0250332,-88.0733729
Stewardson,Shelby,39.263096,-88.6297778
Allenville,Moultrie,39.5555892,-88.5297779
De Pue,Bureau,41.32247978,-89.3093367
Golden Eagle,Calhoun,38.8933835,-90.5790095
Vandalia,Fayette,38.960601,-89.0936778
Compton,Lee,41.6944753,-89.0812008
Papineau,Iroquois,40.9691999,-87.7164241
Grandview,Sangamon,39.8164391,-89.6187102
Beecher City,Effingham,39.1880983,-88.7867278
Neponset,Bureau,41.29587,-89.7903802
Hutsonville,Crawford,39.1094852,-87.6564145
Dongola,Union,37.3611615,-89.1659117
Bath,Mason,40.1933784,-90.1409523
New Holland,Logan,40.1847671,-89.580938
Macedonia,Hamilton,38.0519929,-88.7053365
Mason,Effingham,38.9531001,-88.6236615
Parkersburg,Richland,38.5897711,-88.0567031
Odin,Marion,38.617271,-89.0522867
White Ash,Williamson,37.7894941,-88.9247917
Sublette,Lee,41.6430884,-89.2278681
Johnsburg,McHenry,42.3800209,-88.2420315
Wyanet,Bureau,41.3653141,-89.5839847
Iola,Clay,38.8344904,-88.6281064
Henry,Marshall,41.1114249,-89.3564776
Winnebago,Winnebago,42.2661312,-89.2412202
Burbank,Cook,41.7339215,-87.7794981
Sleepy Hollow,Kane,42.0941923,-88.3025807
Ladd,Bureau,41.3825348,-89.2189748
Wamac,Marion,38.5089381,-89.1406267
Greenfield,Greene,39.3436577,-90.2126145
Saint Johns,Perry,38.0308837,-89.2409157
Warren,Jo Daviess,42.4963957,-89.9895681
McLean,McLean,40.3144833,-89.169809
Prairie du Rocher,Randolph,38.0831081,-90.0959463
Centralia,Marion,38.5250491,-89.1334037
Thomson,Carroll,41.9589158,-90.0992924
Flanagan,Livingston,40.8780891,-88.8611818
River Grove,Cook,41.9258642,-87.8358943
Augusta,Hancock,40.2300454,-90.9501342
Keenes,Wayne,38.3381039,-88.6431108
Brooklyn,Saint Clair,38.6586617,-90.1659431
Littleton,Schuyler,40.2339337,-90.6223505
Gorham,Jackson,37.718384,-89.4859292
Pistakee Highlands,McHenry,42.4086315,-88.2064755
Clark Center,Clark,39.3625365,-87.781974
Lenzburg,Saint Clair,38.287271,-89.8173229
Cahokia,Saint Clair,38.5708849,-90.1901113
Kappa,Woodford,40.6758686,-89.007852
Muddy,Saline,37.7650477,-88.5167173
Alpha,Henry,41.1917031,-90.3801274
Brookport,Massac,37.1236664,-88.6303267
Jamaica,Vermilion,39.9911467,-87.8066939
Ellisville,Fulton,40.6267064,-90.3051249
Thomasboro,Champaign,40.2417001,-88.1842134
Carrier Mills,Saline,37.6842156,-88.6328326
Jacksonville,Morgan,39.733936,-90.2290098
Flora,Clay,38.6689364,-88.4856042
West Union,Clark,39.2158724,-87.6661375
Chapin,Morgan,39.7658796,-90.3990129
Towanda,McLean,40.5639242,-88.8989607
Millbrook,Kendall,41.5983635,-88.5528521
Millington,Kendall,41.5625305,-88.5984075
Havana,Mason,40.3000428,-90.0609506
Millstadt,Saint Clair,38.4614404,-90.0917755
Oak Lawn,Cook,41.7108662,-87.7581081
Kampsville,Calhoun,39.2978255,-90.6090117
Walnut Hill,Marion,38.4772714,-89.0434002
Robbs,Pope,37.45894,-88.6997776
Aptakisic,Lake,42.182525,-87.9472943
Eddyville,Pope,37.4989389,-88.5878275
Elmhurst,DuPage,41.8994745,-87.9403418
Westville,Vermilion,40.0422589,-87.6386322
Enfield,White,38.0994913,-88.3375447
Villa Grove,Douglas,39.8628101,-88.1622654
Ware,Union,37.4478273,-89.3939793
Grayville,White,38.257547,-87.9936436
Gridley,McLean,40.7433682,-88.8814578
Keyesport,Bond,38.7419922,-89.2736838
Dahlgren,Hamilton,38.1981041,-88.6845019
Buffalo Prairie,Rock Island,41.338365,-90.8548656
Saint Rose,Clinton,38.6842146,-89.5545304
Thawville,Iroquois,40.6758683,-88.116155
Paxton,Ford,40.4603125,-88.0953201
Ledford,Saline,37.7000485,-88.590053
Stoy,Crawford,38.9975424,-87.833085
McCook,Cook,41.7978095,-87.8447798
Long Grove,Lake,42.1783584,-87.9978518
Hopewell,Marshall,40.9847586,-89.4573128
Oakwood Hills,McHenry,42.2464123,-88.2428615
Delafield,Hamilton,38.147826,-88.6028324
Dover,Bureau,41.4367021,-89.3934239
Fairview Heights,Saint Clair,38.5889386,-89.990382
Table Grove,Fulton,40.3642095,-90.4251258
Good Hope,McDonough,40.5578178,-90.6734649
Reno,Bond,38.9750462,-89.513974
Pawnee,Sangamon,39.5917186,-89.5803739
Arenzville,Cass,39.8769918,-90.3734571
Holiday Shores,Madison,38.921991,-89.940657
Spring Bay,Woodford,40.8244814,-89.5223152
Des Plaines,Cook,42.0333623,-87.8833991
Astoria,Fulton,40.227545,-90.3595683
Dorchester,Macoupin,39.0856021,-89.8875995
Burtons Bridge,McHenry,42.279745,-88.228973
Barrington Hills,Cook,42.1447475,-88.1556336
Adeline,Ogle,42.1433589,-89.4903897
Savoy,Champaign,40.054753,-88.2517165
Golconda,Pope,37.3672744,-88.4864316
Woodridge,DuPage,41.7469749,-88.0503406
Marseilles,La Salle,41.3308666,-88.7081293
Alvin,Vermilion,40.3083697,-87.6083537
Mount Zion,Macon,39.7714252,-88.8742406
Witt,Montgomery,39.2564351,-89.3481413
Meredosia,Morgan,39.8311579,-90.5595708
Glen Ellyn,DuPage,41.8775293,-88.0670118
West Frankfort,Franklin,37.8978275,-88.9314583
Ullin,Pulaski,37.2769948,-89.1834113
Round Lake Beach,Lake,42.3716881,-88.0900815
Westmont,DuPage,41.7958639,-87.9756175
Lostant,La Salle,41.142812,-89.0600817
Bellevue,Peoria,40.6844821,-89.6801015
Coulterville,Randolph,38.1864389,-89.6056504
Carlyle,Clinton,38.6103264,-89.3725796
Smithfield,Fulton,40.4733743,-90.2917904
Hawthorn Woods,Lake,42.2169686,-88.0495211
La Moille,Bureau,41.5317006,-89.2798104
Marshall,Clark,39.3914252,-87.6936384
Hamburg,Calhoun,39.230048,-90.7176242
Hillview,Greene,39.4506034,-90.5412356
Norridge,Cook,41.9633641,-87.827284
Thornton,Cook,41.5680904,-87.6080999
Oreana,Macon,39.9386476,-88.8656324
Hanna City,Peoria,40.6917043,-89.7951061
Billett,Lawrence,38.6644916,-87.6522474
Northlake,Cook,41.9172526,-87.8956185
Kinmundy,Marion,38.7733806,-88.8467224
Apple Canyon Lake,Jo Daviess,42.42061,-90.15647
Cherry Valley,Winnebago,42.2347434,-88.9489912
Kankakee,Kankakee,41.1200325,-87.8611531
Bourbon,Douglas,39.7455883,-88.3789409
Alorton,Saint Clair,38.589773,-90.1201087
Vernon Hills,Lake,42.2194686,-87.9795188
Sandwich,DeKalb,41.6458634,-88.6217432
Newton,Jasper,38.9908766,-88.1625389
Cherry,Bureau,41.4269787,-89.213419
Campus,Livingston,41.0233656,-88.3061652
Bull Valley,McHenry,42.3205773,-88.3550887
Sauget,Saint Clair,38.5964402,-90.1848331
New Salem,Pike,39.7075473,-90.8476304
Beckemeyer,Clinton,38.6056043,-89.4359158
Kenilworth,Cook,42.085862,-87.7175607
Marengo,McHenry,42.2486332,-88.6084269
Hebron,McHenry,42.4716853,-88.432318
Herrin,Williamson,37.8031056,-89.0275744
Dorsey,Madison,38.9736574,-90.0014932
Lincoln Estates,Will,41.5025337,-87.8069935
Cornland,Logan,39.937269,-89.4023173
Milford,Iroquois,40.6283696,-87.6961395
Beason,Logan,40.1436515,-89.1934222
Lemont,Cook,41.673642,-88.0017261
Grand Ridge,La Salle,41.2369791,-88.8314652
Indian Head Park,Cook,41.7703092,-87.9022809
Walnut,Bureau,41.5567012,-89.5934315
Petersburg,Menard,40.0117151,-89.8481652
Cutler,Perry,38.0322733,-89.5656512
Rolling Meadows,Cook,42.0841936,-88.0131275
Winnetka,Cook,42.1080834,-87.7358951
South Chicago Heights,Cook,41.4808681,-87.6378211
Cloverdale,DuPage,41.9394728,-88.1203487
Leaf River,Ogle,42.1255813,-89.4037207
Flossmoor,Cook,41.5428123,-87.6847684
Sunny Crest,Cook,41.5358678,-87.6939352
Limestone,Kankakee,41.132143,-87.968352
East Peoria,Tazewell,40.666149,-89.5800978
Wilson,Lake,42.3722435,-88.1398055
Mound Station,Brown,40.0065963,-90.8737287
Creve Coeur,Tazewell,40.6472603,-89.5912098
Lyons,Cook,41.8133651,-87.8181128
Kildeer,Lake,42.1705807,-88.0478532
Flat Rock,Crawford,38.901711,-87.6716922
Vergennes,Jackson,37.902273,-89.3356432
Streamwood,Cook,42.0255827,-88.1784085
Greenville,Bond,38.8922687,-89.4131356
Mazon,Grundy,41.2414217,-88.4195101
Prophetstown,Whiteside,41.6714198,-89.9362249
Bellflower,McLean,40.3400336,-88.5270053
Windsor,Mercer,41.2018217,-90.4443594
Iroquois,Iroquois,40.8275356,-87.5819743
Park Ridge,Cook,42.0111412,-87.8406192
Buckley,Iroquois,40.5969794,-88.0380959
Illinois City,Rock Island,41.3975305,-90.8995898
Leland Grove,Sangamon,39.7769953,-89.6792671
Williams Park,Lake,42.2541901,-88.1834153
New Berlin,Sangamon,39.7253276,-89.9106632
Pleasant Plains,Sangamon,39.8728269,-89.9212211
Ford Heights,Cook,41.506424,-87.5917092
Wayne,DuPage,41.9508609,-88.2422971
Chillicothe,Peoria,40.9222589,-89.4862025
Altamont,Effingham,39.061988,-88.7481108
Frankfort,Will,41.4958665,-87.8486613
North Park,Winnebago,42.3427962,-89.0520513
Chandlerville,Cass,40.0481033,-90.1551189
San Jose,Mason,40.305598,-89.6028829
Princeton,Bureau,41.3680919,-89.4648145
Gillespie,Macoupin,39.1297692,-89.8195407
Saint Elmo,Fayette,39.0272663,-88.8481139
Sigel,Shelby,39.2261504,-88.4942152
Grand Detour,Ogle,41.896698,-89.4117704
Lake Holiday,La Salle,41.61292,-88.67209
Pingree Grove,Kane,42.0686367,-88.4134159
Yale,Jasper,39.1197623,-88.0247569
Delavan,Tazewell,40.3725415,-89.5473245
Posen,Cook,41.6317008,-87.681437
Sheldon,Iroquois,40.7692032,-87.5639173
Swansea,Saint Clair,38.5339392,-89.9889936
Butler,Montgomery,39.1994924,-89.5339783
Tiskilwa,Bureau,41.2922592,-89.5062042
West Point,Hancock,40.2550457,-91.1826419
Oneida,Knox,41.0722596,-90.2254002
Schram City,Montgomery,39.1642139,-89.463698
Georgetown,Vermilion,39.9753144,-87.6358546
Lake Petersburg,Menard,39.98358,-89.86207
Seymour,Champaign,40.1069769,-88.4267245
La Grange Park,Cook,41.8347535,-87.861726
Dunlap,Peoria,40.8617037,-89.6787105
Olive Branch,Alexander,37.1686613,-89.3517487
Bulpitt,Christian,39.5917159,-89.4239811
Oregon,Ogle,42.0147513,-89.3323279
Time,Pike,39.5614368,-90.7242938
Niles,Cook,42.0189191,-87.8028402
Kenney,De Witt,40.0967053,-89.0859189
Venedy,Washington,38.3950492,-89.6459271
Marquette Heights,Tazewell,40.6175383,-89.6003776
Ivanhoe,Lake,42.278912,-88.0420224
Mitchell,Madison,38.7619932,-90.085384
Alto Pass,Union,37.5703276,-89.3175879
Prestbury,Kane,41.78329,-88.41764
Orient,Franklin,37.9183832,-88.9775715
West Brooklyn,Lee,41.6928094,-89.1470351
Calhoun,Richland,38.6503262,-88.0436473
South Wilmington,Grundy,41.17281,-88.276726
South Pekin,Tazewell,40.4944838,-89.6517711
Mendon,Adams,40.0883795,-91.2837565
Cambridge,Henry,41.3036472,-90.1928971
West Peoria,Peoria,40.6925376,-89.627877
Berwyn,Cook,41.8505874,-87.7936685
Hamletsburg,Pope,37.1386668,-88.4317064
Cordova,Rock Island,41.6803099,-90.319018
Seneca,La Salle,41.3111442,-88.6097936
Indianola,Vermilion,39.927258,-87.740025
Rankin,Vermilion,40.4650357,-87.8964219
Bonfield,Kankakee,41.1466986,-88.0578276
Anchor,McLean,40.5680898,-88.5356146
Addieville,Washington,38.391439,-89.4900881
Modesto,Macoupin,39.4783816,-89.982051
Ridgway,Gallatin,37.7992131,-88.2611509
Harmon,Lee,41.722811,-89.5539905
Tonica,La Salle,41.2158684,-89.0667489
Topeka,Mason,40.3303196,-89.9312252
Panama,Montgomery,39.0294908,-89.5242529
Sunfield,Perry,38.0644947,-89.2400819
Breese,Clinton,38.6106042,-89.5270306
Grandwood Park,Lake,42.3930769,-87.9867449
Mount Carmel,Wabash,38.4108801,-87.7614174
Merrionette Park,Cook,41.6842004,-87.7003277
Albany,Whiteside,41.7894748,-90.2192941
Russellville,Lawrence,38.8189345,-87.5316882
Crossville,White,38.1617133,-88.0653123
Granite City,Madison,38.7014389,-90.1487199
Sims,Wayne,38.3603259,-88.530607
Sugar Grove,Kane,41.7614181,-88.443686
Hazel Dell,Cumberland,39.2022607,-88.0411461
Eldred,Greene,39.2875475,-90.5523438
McLeansboro,Hamilton,38.0933811,-88.5356076
Batavia,Kane,41.8500284,-88.3125738
Ingalls Park,Will,41.5225311,-88.0428349
Geneva,Kane,41.8875281,-88.3053525
Harrison,Jackson,37.7967175,-89.337033
Mundelein,Lake,42.263079,-88.0039653
Herscher,Kankakee,41.0491989,-88.0978262
Saint Anne,Kankakee,41.0250329,-87.7139249
Burnt Prairie,White,38.2517139,-88.2614318
Northbrook,Cook,42.1275267,-87.8289548
Dennison,Clark,39.4608688,-87.5978025
La Clede,Fayette,38.8797677,-88.7153303
Buckner,Franklin,37.9831056,-89.0161841
Boulder Hill,Kendall,41.7125295,-88.3361819
White Hall,Greene,39.4369917,-90.403177
Jerome,Sangamon,39.767551,-89.6806558
Goodwine,Iroquois,40.5672584,-87.7844742
El Paso,Woodford,40.7392018,-89.0164626
Spaulding,Sangamon,39.8661608,-89.5403759
South Jacksonville,Morgan,39.7086582,-90.2281762
Phoenix,Cook,41.6111456,-87.6347683
Summerfield,Saint Clair,38.5972705,-89.751762
Avon,Fulton,40.6642065,-90.4348506
Oblong,Crawford,39.0019867,-87.9089205
Green Valley,Tazewell,40.4075408,-89.6428829
Pleasant Hill,Pike,39.4433806,-90.8723527
Ina,Jefferson,38.1511606,-88.9039554
Bensenville,DuPage,41.9550296,-87.9400657
Walshville,Montgomery,39.0708801,-89.6189784
Teutopolis,Effingham,39.1330967,-88.4719918
Oak Park,Cook,41.8850317,-87.7845025
Dalzell,Bureau,41.3578126,-89.176196
Riverton,Sangamon,39.8442164,-89.5395417
Broadview,Cook,41.8639201,-87.8533931
Harvel,Montgomery,39.3561613,-89.5323151
McCullom Lake,McHenry,42.3683543,-88.2925883
Moline,Rock Island,41.5067003,-90.5151342
Bellmont,Wabash,38.3844921,-87.9114204
Carthage,Hancock,40.416433,-91.1362537
Hurst,Williamson,37.8331059,-89.1428573
Malta,DeKalb,41.929751,-88.8609238
Mount Vernon,Jefferson,38.3172715,-88.9031201
Edinburg,Christian,39.6572697,-89.3895338
Griggsville,Pike,39.7089362,-90.7245722
Willow Hill,Jasper,38.9958759,-88.0225349
Buncombe,Johnson,37.4714403,-88.9770151
Parnell,De Witt,40.2230907,-88.7206259
Braceville,Grundy,41.2269765,-88.2647833
Literberry,Morgan,39.8542146,-90.1995644
Morton Grove,Cook,42.0405853,-87.7825621
Elsah,Jersey,38.9561594,-90.3598364
Sparland,Marshall,41.0286474,-89.4384235
Godfrey,Madison,38.9556031,-90.1867765
Arbury Hills,Will,41.5355887,-87.8475511
Fieldon,Jersey,39.1086589,-90.4984514
Virden,Macoupin,39.5008866,-89.7678747
Tower Hill,Shelby,39.3878184,-88.9606321
Eastwood Manor,McHenry,42.3455772,-88.2411973
Greenview,Menard,40.0831024,-89.7381633
Martinsville,Clark,39.3355924,-87.8819761
Long Point,Livingston,41.0047545,-88.8917412
Baileyville,Ogle,42.1972454,-89.5934478
Darmstadt,Saint Clair,38.3208818,-89.7317643
Bartelso,Clinton,38.5364382,-89.4664739
Venetian Village,Lake,42.3986321,-88.0525807
Hinckley,DeKalb,41.7689183,-88.640913
Erie,Whiteside,41.6564203,-90.0792859
Watseka,Iroquois,40.7761465,-87.7364218
Ohlman,Montgomery,39.3450445,-89.2186951
Alhambra,Madison,38.88838,-89.7314813
Odell,Livingston,41.003643,-88.5253364
Cooksville,McLean,40.5430902,-88.7164546
Calumet Park,Cook,41.6628119,-87.6606037
Sidell,Vermilion,39.9097575,-87.8211393
Farmersville,Montgomery,39.4433854,-89.6517619
Easton,Mason,40.2325434,-89.8426123
Dupo,Saint Clair,38.5161634,-90.2103903
Schaumburg,Cook,42.0333608,-88.0834059
Centreville,Saint Clair,38.5833842,-90.125109
Pittsfield,Pike,39.6078254,-90.805129
Ashton,Lee,41.8661417,-89.2212088
Gilberts,Kane,42.1033585,-88.3728605
Broadlands,Champaign,39.9086455,-87.9942016
Hillsdale,Rock Island,41.6136437,-90.1728998
Casey,Clark,39.2992037,-87.9925339
Nauvoo,Hancock,40.550042,-91.3848749
Royal Lakes,Macoupin,39.1103241,-89.9614918
Palmer,Christian,39.457827,-89.4039813
Findlay,Shelby,39.5225372,-88.7536817
Crab Orchard,Williamson,37.7292162,-88.8042303
Steward,Lee,41.8478069,-89.0200933
Baylis,Pike,39.7283804,-90.9081876
Opdyke,Jefferson,38.2597711,-88.7906167
Oswego,Kendall,41.6828074,-88.3514596
Rock Island,Rock Island,41.5094771,-90.5787477
Chestnut,Logan,40.0536519,-89.1853664
Kingston,DeKalb,42.0997482,-88.7589818
Algonquin,McHenry,42.1655801,-88.2942493
Saint James,Fayette,38.9544893,-88.8511682
Norris City,White,37.9811576,-88.3292104
Woodland,Iroquois,40.7144803,-87.7311426
Highland Park,Lake,42.1816919,-87.8003438
Blue Island,Cook,41.6572562,-87.6800486
Bannockburn,Lake,42.1933581,-87.8664579
Idylside,Will,41.5189197,-88.1220041
Fall Creek,Adams,39.7789349,-91.3023681
Elmwood Park,Cook,41.9211423,-87.8092266
Liberty,Adams,39.8794914,-91.1079163
White Heath,Piatt,40.0861442,-88.5128395
Baker,La Salle,41.5555866,-88.8111891
Urbana,Champaign,40.1105875,-88.2072697
Kell,Marion,38.4911598,-88.9064505
Huntley,McHenry,42.1680796,-88.4281415
Harwood Heights,Cook,41.9672532,-87.8075612
Nashville,Washington,38.3436612,-89.3806398
Jamesburg,Vermilion,40.2622585,-87.7489134
Perry,Pike,39.7831031,-90.7454062
Essex,Kankakee,41.1772542,-88.1856117
Hampshire,Kane,42.0978028,-88.5303643
Worth,Cook,41.6897549,-87.7972754
Caledonia,Boone,42.369463,-88.8926041
Herrick,Shelby,39.2203197,-88.9845172
Lewistown,Fulton,40.3930973,-90.1548421
Herald,White,37.9664348,-88.1814267
Wedron,La Salle,41.4361433,-88.7734086
Ogden,Champaign,40.1139237,-87.9561449
Lynwood,Cook,41.5264242,-87.5386524
Troy,Madison,38.7292147,-89.8831541
Waynesville,De Witt,40.2389277,-89.1231418
Hull,Pike,39.7069907,-91.2068089
Hartland,McHenry,42.3636315,-88.5073165
Lee,Lee,41.7950293,-88.9414786
Bloomington,McLean,40.4842027,-88.9936873
Country Club Hills,Cook,41.5680898,-87.7203257
Woodlawn,Jefferson,38.3300497,-89.0325693
Forest View,Cook,41.8086431,-87.7933895
Carlinville,Macoupin,39.2797699,-89.8817662
Calvin,White,38.2081024,-88.0186441
Valley View,DuPage,41.8303075,-88.0678438
Lanark,Carroll,42.1022465,-89.8334527
Mount Auburn,Christian,39.766154,-89.2617488
Sammons Point,Kankakee,41.032335,-87.856162
Simpson,Johnson,37.4672734,-88.7550587
Waterloo,Monroe,38.3358857,-90.1498341
Lima,Adams,40.1775458,-91.378483
Bogota,Jasper,38.9183782,-88.2400414
Libertyville,Lake,42.2830786,-87.9531303
Chesterfield,Macoupin,39.2550463,-90.063163
Beecher,Will,41.34059,-87.6214286
Hazel Crest,Cook,41.571701,-87.6944915
Riverside,Cook,41.8350316,-87.8228358
Dayton,La Salle,41.3847551,-88.7942425
Aviston,Clinton,38.6067152,-89.6075894
Kingston Mines,Peoria,40.5580943,-89.770663
Hickory Hills,Cook,41.7255879,-87.825055
Saybrook,McLean,40.4267005,-88.5261711
Albers,Clinton,38.5433823,-89.6123129
Durand,Winnebago,42.4364033,-89.3320582
Tallula,Menard,39.9444932,-89.9373336
Waltonville,Jefferson,38.2089389,-89.0389605
Valier,Franklin,38.0153279,-89.0425739
Spring Grove,McHenry,42.4436308,-88.2364775
Plainfield,Will,41.6269745,-88.2039539
Scales Mound,Jo Daviess,42.4758384,-90.2529047
Benson,Woodford,40.8505901,-89.1223021
Wapella,De Witt,40.2203145,-88.9620246
Junction City,Marion,38.5803267,-89.1278468
Montgomery,Kane,41.730585,-88.3459048
Catlin,Vermilion,40.0650363,-87.7019675
Palestine,Crawford,39.0036537,-87.612802
Boody,Macon,39.7664272,-89.0492448
Big Rock,Kane,41.7639181,-88.5470219
Pontoosuc,Hancock,40.6289307,-91.205425
Middletown,Logan,40.1003246,-89.5909378
Macon,Macon,39.7128155,-88.9970218
Lake in the Hills,McHenry,42.1816908,-88.3303618
Westervelt,Shelby,39.4789278,-88.8617413
Miller City,Alexander,37.1108835,-89.3561914
Zeigler,Franklin,37.8994945,-89.0520194
Mill Creek,Union,37.3417165,-89.2525822
Forest City,Mason,40.3700411,-89.8276113
Paw Paw,Lee,41.688919,-88.9811987
Pinkstaff,Lawrence,38.7944906,-87.6691922
Sterling,Whiteside,41.788642,-89.6962194
Pierron,Bond,38.7800472,-89.5981424
Shelbyville,Shelby,39.4064284,-88.7900689
Madison,Madison,38.6825502,-90.1570536
Evanston,Cook,42.0411414,-87.6900587
Aroma Park,Kankakee,41.0797548,-87.8114285
Pocahontas,Bond,38.8278248,-89.5400849
Green Oaks,Lake,42.2900228,-87.903406
New Athens,Saint Clair,38.3264383,-89.8770468
Pyatts,Perry,38.0031065,-89.3711993
Wenonah,Montgomery,39.3269901,-89.2889746
Fairmont City,Saint Clair,38.6497722,-90.0931629
East Brooklyn,Grundy,41.1733654,-88.2639479
Whittington,Franklin,38.0892162,-88.9028448
Kewanee,Henry,41.2455927,-89.9248303
Clay City,Clay,38.6886589,-88.354212
White City,Macoupin,39.0647689,-89.7634271
Johnsonville,Wayne,38.5222701,-88.5369951
Hodgkins,Cook,41.7689207,-87.857835
North Henderson,Mercer,41.0892036,-90.4754096
Cottage Hills,Madison,38.9031029,-90.0701061
Cedar Point,La Salle,41.2630912,-89.1256394
Cornell,Livingston,40.9900326,-88.7292337
East Cape Girardeau,Alexander,37.2958838,-89.4962024
Fairmont,Madison,38.9089371,-90.2142773
Harvey,Cook,41.6100344,-87.6467132
Clifton,Iroquois,40.9353109,-87.9344851
Franklin Grove,Lee,41.8416982,-89.3003765
Trenton,Clinton,38.605604,-89.6820368
Manlius,Bureau,41.456424,-89.6689875
Godley,Will,41.2366987,-88.243672
Grant Park,Kankakee,41.2411449,-87.6461491
Charleston,Coles,39.4961458,-88.1761521
Diamond Lake,Lake,42.2444681,-88.0100762
Iuka,Marion,38.6161588,-88.790334
Mahomet,Champaign,40.1953106,-88.4042234
Hanaford,Franklin,37.9579449,-88.835635
Danforth,Iroquois,40.820312,-87.977818
Mount Erie,Wayne,38.515049,-88.2311536
De Witt,De Witt,40.1811468,-88.7861844
Itasca,DuPage,41.9750288,-88.0072909
Belknap,Johnson,37.3250522,-88.9389557
Nelson,Lee,41.7964208,-89.6017723
Rossville,Vermilion,40.3792031,-87.6686342
Mendota,La Salle,41.5472547,-89.1175851
Lancaster,Wabash,38.5478262,-87.8653089
Red Bud,Randolph,38.2117173,-89.9942741
Hoopeston,Vermilion,40.4672587,-87.6683573
Annapolis,Crawford,39.1444842,-87.8166964
Beverly,Adams,39.7933805,-90.9909674
Skokie,Cook,42.0333636,-87.7333934
Seaton,Mercer,41.1022578,-90.801529
Morton,Tazewell,40.6128161,-89.4592609
DeKalb,DeKalb,41.9294736,-88.7503647
Brighton,Macoupin,39.0397688,-90.1406643
Glasford,Peoria,40.5725386,-89.813442
Highland,Madison,38.7394918,-89.6712008
Brocton,Edgar,39.7155902,-87.9325327
Blandinsville,McDonough,40.556152,-90.8659692
Third Lake,Lake,42.3739105,-88.0109121
Decatur,Macon,39.8403147,-88.9548001
Basco,Hancock,40.3278229,-91.2001437
Ipava,Fulton,40.3514319,-90.3245681
Lindenhurst,Lake,42.4105765,-88.0261911
Shawneetown,Gallatin,37.713102,-88.1867027
Riverdale,Cook,41.6333678,-87.6331021
Bishop Hill,Henry,41.2017036,-90.1190054
Beardstown,Cass,40.0175483,-90.4242916
Saint Francisville,Lawrence,38.5911584,-87.646692
Manchester,Scott,39.5422692,-90.3323435
Coalton,Montgomery,39.2828235,-89.3011961
Pittsburg,Williamson,37.7769938,-88.8495103
Du Quoin,Perry,38.0114393,-89.2361935
Greenwood,McHenry,42.3925202,-88.3892586
Brownfield,Pope,37.3456083,-88.6069932
Murphysboro,Jackson,37.7644952,-89.3350888
Mount Olive,Macoupin,39.072269,-89.7273148
Jerseyville,Jersey,39.1200471,-90.3284479
McHenry,McHenry,42.333355,-88.2667534
De Soto,Jackson,37.8175506,-89.2278613
Old Shawneetown,Gallatin,37.6969906,-88.1367006
Cantrall,Sangamon,39.9378273,-89.6759372
Arcola,Douglas,39.684755,-88.3064367
Mound City,Pulaski,37.0853292,-89.1625731
Ridott,Stephenson,42.2964089,-89.4753917
Fillmore,Montgomery,39.115323,-89.2789678
Freeport,Stephenson,42.2966861,-89.6212271
Lake Bluff,Lake,42.2789117,-87.8342362
Wadsworth,Lake,42.4286321,-87.9239651
Meadowbrook,Madison,38.8983802,-90.0067708
Metropolis,Massac,37.1511655,-88.7319979
Noble,Richland,38.6975481,-88.223653
Cedarville,Stephenson,42.3758493,-89.6331727
Exeter,Scott,39.7208791,-90.4965142
La Rose,Marshall,40.9822568,-89.2353629
Bay View Gardens,Woodford,40.8099383,-89.5233941
Dunfermline,Fulton,40.4911505,-90.0317835
LaPlace,Piatt,39.8000351,-88.7175691
Royalton,Franklin,37.8769946,-89.1145223
Monmouth,Warren,40.9114271,-90.6473576
Inverness,Cook,42.1180815,-88.0961865
Saint Joseph,Champaign,40.1117007,-88.0417048
Cullom,Livingston,40.8778116,-88.2692177
Ashkum,Iroquois,40.8803114,-87.9550405
Trimble,Crawford,39.0633747,-87.6844704
Lombard,DuPage,41.8800296,-88.0078435
Dawson,Sangamon,39.8528263,-89.463428
Dixon,Lee,41.8389213,-89.4795478
Downs,McLean,40.39698,-88.8706291
Sauk Village,Cook,41.4883685,-87.5675414
Grand Tower,Jackson,37.6264389,-89.4978743
Oakley,Macon,39.8761472,-88.8059068
Mulkeytown,Franklin,37.9708835,-89.1114662
Apple River,Jo Daviess,42.5050054,-90.0987361
Winfield,DuPage,41.8616956,-88.1609031
Oquawka,Henderson,40.931982,-90.9470863
Ashland,Cass,39.8878264,-90.0078907
Signal Hill,Saint Clair,38.5772726,-90.0567733
Metamora,Woodford,40.7905919,-89.3606433
Borton,Edgar,39.6558681,-87.9339219
Morrisonville,Christian,39.4200501,-89.4556486
Bryant,Fulton,40.4661513,-90.0917851
Elco,Alexander,37.3006054,-89.2659154
Buda,Bureau,41.3261476,-89.6789874
Hamilton,Hancock,40.3964333,-91.3390389
Lee Center,Lee,41.7475326,-89.2787057
East Saint Louis,Saint Clair,38.6244952,-90.1509428
Kaneville,Kane,41.8353062,-88.5220233
Tolono,Champaign,39.9861415,-88.2589387
Cabery,Kankakee,40.9958657,-88.2053282
Lake Summerset,Winnebago,42.4544581,-89.3895593
Raritan,Henderson,40.6958732,-90.8273591
Phillipstown,White,38.1419908,-88.0216993
Elmwood,Peoria,40.7778151,-89.9665017
Cissna Park,Iroquois,40.5647578,-87.8930897
Olmsted,Pulaski,37.1806073,-89.0889609
Washington,Tazewell,40.7036482,-89.4073123
Antioch,Lake,42.4772418,-88.0956396
Coal City,Grundy,41.2878097,-88.2856185
Columbia,Monroe,38.4436637,-90.2012239
Princeville,Peoria,40.9297591,-89.7576022
O'Fallon,Saint Clair,38.5922715,-89.9112124
North Utica,La Salle,41.3405897,-89.010081
Coyne Center,Rock Island,41.4047561,-90.5593018
Hazel Green,Cook,41.6833666,-87.7400512
Round Lake,Lake,42.353355,-88.0934145
Wenona,Marshall,41.0525331,-89.0503587
Mettawa,Lake,42.2333571,-87.9259058
Lisle,DuPage,41.801141,-88.0747875
Bardolph,McDonough,40.4950406,-90.5645735
Royal,Champaign,40.1928126,-87.9728126
Waggoner,Montgomery,39.3775509,-89.6531496
Marissa,Saint Clair,38.2500481,-89.7500988
Equality,Gallatin,37.733936,-88.343376
Vernon,Marion,38.8022697,-89.0870086
Kangley,La Salle,41.1458671,-88.873687
Carlock,McLean,40.5822588,-89.1320251
Naperville,DuPage,41.7858629,-88.1472893
New Boston,Mercer,41.1703108,-90.9968113
Hoffman Estates,Cook,42.0428052,-88.079795
Gladstone,Henderson,40.864483,-90.9612528
Olivet,Vermilion,39.9419808,-87.6436329
Alma,Marion,38.7217147,-88.9092242
Robinson,Crawford,39.0053201,-87.7391936
Hanover,Jo Daviess,42.2564051,-90.2795734
Sun River Terrace,Kankakee,41.1269773,-87.7355936
Bourbonnais,Kankakee,41.1416991,-87.8750429
Cairo,Alexander,37.0053293,-89.1764608
Eagarville,Macoupin,39.1121205,-89.7831556
Carol Stream,DuPage,41.9125286,-88.1347927
Spillertown,Williamson,37.7664385,-88.9195138
Niantic,Macon,39.8539297,-89.1661942
Nebo,Pike,39.4425478,-90.7909612
Bridgeview,Cook,41.7500323,-87.8042216
Grandview,Edgar,39.541146,-87.8461422
Old Ripley,Bond,38.8961577,-89.5700865
Hillsboro,Montgomery,39.1611586,-89.4936989
Garrett,Douglas,39.7986437,-88.4242216
Downers Grove,DuPage,41.8089191,-88.0111746
Oak Run,Knox,40.963371,-90.1451196
Vermont,Fulton,40.2942106,-90.4279033
Robbins,Cook,41.6439227,-87.7036602
Little York,Warren,41.0111483,-90.7462496
Broadwell,Logan,40.0681021,-89.4431552
Mount Clare,Macoupin,39.0986579,-89.8262077
Normal,McLean,40.5142026,-88.9906312
Dundas,Richland,38.835046,-88.0850374
Manito,Mason,40.4258736,-89.7792762
Germantown,Clinton,38.5536601,-89.5384209
New Burnside,Johnson,37.579217,-88.770894
Taylorville,Christian,39.548935,-89.294533
Lebanon,Saint Clair,38.6039375,-89.8073195
Golden,Adams,40.1092135,-91.0176357
Hecker,Monroe,38.3050504,-89.9942731
Mossville,Peoria,40.8155926,-89.5678728
Jeisyville,Christian,39.5772711,-89.4050918
Valmeyer,Monroe,38.3056095,-90.2765056
Pontiac,Livingston,40.8808666,-88.6297839
Tennessee,McDonough,40.4119867,-90.8393002
Lake Villa,Lake,42.4169651,-88.0739708
Manhattan,Will,41.4225316,-87.9858863
Metcalf,Edgar,39.8011461,-87.8072504
Sailor Springs,Clay,38.7639362,-88.3631008
Galena,Jo Daviess,42.4166744,-90.4290168
Loda,Iroquois,40.5175349,-88.0719857
Latham,Logan,39.9686517,-89.1623092
Indian Creek,Lake,42.2269684,-87.9797968
New Milford,Winnebago,42.1869669,-89.0678813
Sullivan,Moultrie,39.599479,-88.6078392
Streator,La Salle,41.1208668,-88.835352
Crescent City,Iroquois,40.7700351,-87.8589251
Edgar,Edgar,39.7555908,-87.7011362
Wyoming,Stark,41.0617037,-89.7731578
Rome,Peoria,40.8830925,-89.502592
McNabb,Putnam,41.1769799,-89.2092522
Union,McHenry,42.2330782,-88.5423132
Watson,Effingham,39.0253213,-88.5697716
Osman,McLean,40.2958666,-88.4720035
Lincoln,Logan,40.1483768,-89.3648183
Congerville,Woodford,40.6169813,-89.2042501
Salem,Marion,38.6269929,-88.9456158
Lily Lake,Kane,41.948916,-88.4778586
Moweaqua,Shelby,39.6247614,-89.0189684
Roxana,Madison,38.8483812,-90.0762172
Burr Ridge,DuPage,41.7489203,-87.9183919
Brimfield,Peoria,40.838926,-89.8864976
Lawndale,Logan,40.2180969,-89.2825925
Langleyville,Christian,39.5622698,-89.3553682
Lily Cache,Will,41.5903081,-88.1814523
Claremont,Richland,38.7194921,-87.9714232
Knoxville,Knox,40.9083715,-90.2848476
Gard,Madison,38.8622693,-89.960102
La Harpe,Hancock,40.5833749,-90.9693057
Hainesville,Lake,42.3450219,-88.067858
Hennepin,Putnam,41.2542033,-89.3423112
Smithboro,Bond,38.8961575,-89.3406323
Bush,Williamson,37.8433836,-89.13119
Medinah,DuPage,41.9814174,-88.0511813
Bentley,Hancock,40.3444891,-91.1118074
Standard,Putnam,41.2567026,-89.1809185
La Fayette,Stark,41.1096063,-89.9735218
Allerton,Vermilion,39.9161024,-87.9352579
Mount Pulaski,Logan,40.0108767,-89.282314
Mascoutah,Saint Clair,38.490327,-89.793154
Lakewood,DuPage,41.9166949,-88.1975725
Bellwood,Cook,41.8814197,-87.883117
Plainville,Adams,39.7858798,-91.1854191
Hidalgo,Jasper,39.1558732,-88.1469826
Mansfield,Piatt,40.211422,-88.5061721
Oakdale,Washington,38.2617174,-89.5014792
Ferris,Hancock,40.4689327,-91.1704225
Foosland,Champaign,40.3614224,-88.4281125
Glen Carbon,Madison,38.7483814,-89.983158
Deerfield,Lake,42.1711365,-87.8445119
Plattville,Kendall,41.531697,-88.3814575
East Moline,Rock Island,41.5008673,-90.4442979
Goodfield,Woodford,40.6297593,-89.2748084
Potomac,Vermilion,40.305036,-87.8005829
Oakbrook Terrace,DuPage,41.8500302,-87.9645077
Vermilion,Edgar,39.5811463,-87.5889125
Hookdale,Bond,38.8264359,-89.3114637
Glenview,Cook,42.0697509,-87.7878408
Chemung,McHenry,42.4152964,-88.6667668
Mason City,Mason,40.2022663,-89.6981639
Rondout,Lake,42.2800229,-87.89535
Oglesby,La Salle,41.2953127,-89.0595266
Meppen,Calhoun,38.9969935,-90.6048425
Reevesville,Johnson,37.3431083,-88.7197771
Chauncey,Lawrence,38.8353234,-87.8708645
Blue Mound,Macon,39.7011516,-89.1231356
Livingston,Madison,38.9675463,-89.7639828
Alton,Madison,38.8906038,-90.1842764
Donovan,Iroquois,40.883368,-87.6161428
Cobden,Union,37.5314386,-89.253418
Lotus Woods,Lake,42.4219647,-88.1731413
Auburn,Sangamon,39.5917197,-89.7464874
Sciota,McDonough,40.5608731,-90.7517996
Rantoul,Champaign,40.3083672,-88.1558785
Pontoon Beach,Madison,38.7317158,-90.0803839
Chrisman,Edgar,39.8036467,-87.673635
Cave-In-Rock,Hardin,37.4707463,-88.1659319
Scarboro,Lee,41.7814185,-89.0342586
Rosemont,Cook,41.9953077,-87.8845092
Cherry Hill,Will,41.5233645,-88.0145005
Forrest,Livingston,40.7519792,-88.4111647
Poplar Grove,Boone,42.3683522,-88.822047
Orland Park,Cook,41.6303103,-87.8539425
Glendale Heights,DuPage,41.9103068,-88.0717353
Bradley,Kankakee,41.1419768,-87.8611535
Ivesdale,Champaign,39.9433658,-88.4553363
Cambria,Williamson,37.7814392,-89.1192454
Keeneyville,DuPage,41.9675282,-88.1203496
Maunie,White,38.0356015,-88.0455883
Junction,Gallatin,37.72338,-88.2367046
Carbondale,Jackson,37.7272727,-89.2167501
Wauconda,Lake,42.2589122,-88.1392474
Plano,Kendall,41.6628076,-88.5370197
Cleveland,Henry,41.5061454,-90.3148479
Barnhill,Wayne,38.2844921,-88.3642131
Karnak,Pulaski,37.2936633,-88.9753462
Fulton,Whiteside,41.8672508,-90.1595705
Warsaw,Hancock,40.359211,-91.4345978
Dalton City,Moultrie,39.7119804,-88.8045162
Villa Park,DuPage,41.8897519,-87.9889543
Clear Lake,Sangamon,39.8136611,-89.5687083
Tovey,Christian,39.5889391,-89.4562045
Southern View,Sangamon,39.757273,-89.65371
South Holland,Cook,41.6008681,-87.6069894
Secor,Woodford,40.7419799,-89.1353567
Hometown,Cook,41.7344774,-87.731441
Freeburg,Saint Clair,38.4275499,-89.913714
Carbon Cliff,Rock Island,41.4947564,-90.3906844
Symerton,Will,41.3286426,-88.0525539
Williamsville,Sangamon,39.9542161,-89.5487126
Pecatonica,Winnebago,42.3139078,-89.3592788
Ransom,La Salle,41.1561445,-88.6495133
Hastings,Cook,41.6811423,-87.9717254
Homewood,Cook,41.5572567,-87.6656015
Lomax,Henderson,40.67893,-91.072921
Washburn,Woodford,40.919202,-89.2911973
Newark,Kendall,41.536975,-88.5834068
New Minden,Washington,38.4414386,-89.3703603
Stone Park,Cook,41.9055862,-87.8836732
Hanover Park,Cook,41.9994722,-88.1450735
Loami,Sangamon,39.6756064,-89.846771
Kinsman,Grundy,41.1897554,-88.569512
Nokomis,Montgomery,39.3011566,-89.285085
Ingraham,Clay,38.8361573,-88.333933
Pittwood,Iroquois,40.8608678,-87.7294783
Victoria,Knox,41.0336485,-90.0984504
Palatine,Cook,42.1103041,-88.03424
Chana,Ogle,41.9805848,-89.2198238
Westchester,Cook,41.8505866,-87.8820048
Hartsburg,Logan,40.2508762,-89.440933
Hartford,Madison,38.8333815,-90.09594
Owaneco,Christian,39.4822664,-89.1936976
Wonder Lake,McHenry,42.3852983,-88.3473126
Deer Grove,Whiteside,41.607811,-89.689547
Saint Libory,Saint Clair,38.3625488,-89.7098187
Green Rock,Henry,41.47309,-90.3576273
Fithian,Vermilion,40.1139242,-87.8730857
Ripley,Brown,40.022826,-90.6387392
Annawan,Henry,41.3972573,-89.9045518
Reddick,Kankakee,41.0982752,-88.2486749
Hume,Edgar,39.7967015,-87.8686414
Cary,McHenry,42.2119684,-88.2381381
South Beloit,Winnebago,42.4930708,-89.0367764
Scottville,Macoupin,39.4803252,-90.1048343
Wildwood,Lake,42.3427999,-87.9981333
Prairie City,McDonough,40.6211512,-90.4620731
Richton Park,Cook,41.484479,-87.7033787
Como,Whiteside,41.7664194,-89.7670545
Roscoe,Winnebago,42.4133505,-89.0092742
Twin Grove,McLean,40.4933701,-89.0798018
Lynnville,Morgan,39.686991,-90.3459561
Sawyerville,Macoupin,39.07838,-89.807318
Dix,Jefferson,38.4417157,-88.9375635
Loraine,Adams,40.1542128,-91.2223653
Mineral,Bureau,41.3825354,-89.8364934
Canton,Fulton,40.5580945,-90.0351167
Farina,Fayette,38.8342128,-88.7722761
Harrisburg,Saline,37.7383812,-88.540607
Peru,La Salle,41.3275349,-89.1289728
Orion,Henry,41.3547575,-90.3815165
Zion,Lake,42.4461322,-87.8328505
Cisne,Wayne,38.5158815,-88.4375481
Liverpool,Fulton,40.3917076,-90.0009491
Saint Augustine,Knox,40.7183728,-90.4109616
Carrollton,Greene,39.3022693,-90.4070632
Sadorus,Champaign,39.9669758,-88.3464425
Hoyleton,Washington,38.4417163,-89.2742452
Alsey,Scott,39.5606027,-90.4340126
Lake Forest,Lake,42.2586342,-87.840625
Highwood,Lake,42.1997468,-87.8092335
Plymouth,Hancock,40.2917112,-90.919023
Davis Junction,Ogle,42.1016919,-89.0931574
Dixmoor,Cook,41.6317009,-87.6608807
Leland,La Salle,41.6125306,-88.7995237
Panola,Woodford,40.7836458,-89.0211857
Franklin,Morgan,39.6203259,-90.0440001
Crestwood,Cook,41.6611444,-87.7525511
Mill Shoals,White,38.2486586,-88.3467125
Norwood,Peoria,40.7055931,-89.6987129
Cropsey,McLean,40.6092009,-88.4786678
Roseville,Warren,40.7322617,-90.6645784
Old Mill Creek,Lake,42.4219653,-87.9725781
Wheeling,Cook,42.1391928,-87.9289591
Emden,Logan,40.2986538,-89.4851011
Pulaski,Pulaski,37.2136615,-89.2059111
Wayne City,Wayne,38.345326,-88.5878312
Morris,Grundy,41.357254,-88.4211785
Kincaid,Christian,39.5886601,-89.4145363
Farmer City,De Witt,40.2433676,-88.6425668
Elgin,Kane,42.0372487,-88.2811895
Goofy Ridge,Mason,40.3944852,-89.9376141
Half Day,Lake,42.2011357,-87.9334053
Pearl City,Stephenson,42.265297,-89.8259532
Winthrop Harbor,Lake,42.4789098,-87.8236841
Maryville,Madison,38.7236594,-89.9559348
Cerro Gordo,Piatt,39.8905912,-88.7281262
Brussels,Calhoun,38.9494939,-90.5887314
Orland Hills,Cook,41.5853107,-87.8431078
Ellsworth,McLean,40.4503125,-88.7167336
Gilson,Knox,40.8617048,-90.2015111
Andover,Henry,41.2939249,-90.2920678
Saint Charles,Kane,41.9141945,-88.3086867
Woosung,Ogle,41.9033646,-89.5409408
Goodenow,Will,41.3914234,-87.6367079
Girard,Macoupin,39.4464409,-89.7809301
Caseyville,Saint Clair,38.6367162,-90.0256606
Standard City,Macoupin,39.3522723,-89.7875959
Rock Falls,Whiteside,41.7797533,-89.6889967
Adair,McDonough,40.4189309,-90.4967942
Ridgefield,McHenry,42.2683559,-88.3614762
Chenoa,McLean,40.7417014,-88.7197856
Vienna,Johnson,37.4153295,-88.8978435
Bowen,Hancock,40.2333789,-91.0626375
Hoffman,Clinton,38.541438,-89.2636875
Mark,Putnam,41.2644805,-89.2500869
Oakford,Menard,40.1025463,-89.9631693
Triumph,La Salle,41.4994765,-89.0220257
Pleasant Mound,Bond,38.8631022,-89.290352
Channahon,Will,41.4294753,-88.2286735
Piper City,Ford,40.756702,-88.191158
Danville,Vermilion,40.124481,-87.6300207
Crest Hill,Will,41.554753,-88.0986709
Timberlane,Boone,42.3347416,-88.8612138
Earlville,La Salle,41.5894754,-88.9220265
Bingham,Fayette,39.1142114,-89.2134097
Hudson,McLean,40.6058688,-88.9872965
Fenton,Whiteside,41.7305855,-90.0301192
North Chicago,Lake,42.325578,-87.8411818
Lakemoor,McHenry,42.3286331,-88.1989732
Momence,Kankakee,41.1667001,-87.662815
Grayslake,Lake,42.3444664,-88.041746
Springfield,Sangamon,39.8017171,-89.6437107
Curran,Sangamon,39.7422737,-89.7720477
Rockbridge,Greene,39.2692131,-90.2042796
Boulder,Clinton,38.6967148,-89.225627
Melvin,Ford,40.5675346,-88.2478272
Sycamore,DeKalb,41.9889173,-88.6867538
Fairfield,Wayne,38.378937,-88.3597684
Imbs,Saint Clair,38.5236627,-90.1353876
Summum,Fulton,40.2678221,-90.2784557
Kane,Greene,39.190047,-90.353727
Shannon,Carroll,42.1547457,-89.7398389
Taylor Springs,Montgomery,39.1308806,-89.4920315
Colfax,McLean,40.5669788,-88.6164508
Clayton,Adams,40.0314366,-90.9606897
The Galena Territory,Jo Daviess,42.3955922,-90.3158667
Galesburg,Knox,40.9478158,-90.3712395
Oak Hills,Saint Clair,38.6381048,-89.980659
Stanford,McLean,40.4347608,-89.2178643
Marion,Williamson,37.7306054,-88.9331256
Ringwood,McHenry,42.3922427,-88.2970335
State Park Place,Madison,38.6586606,-90.0473278
Lerna,Coles,39.4183688,-88.2886551
Spring Valley,Bureau,41.3275352,-89.1998077
Sumner,Lawrence,38.7169919,-87.8614202
Menominee,Jo Daviess,42.4877816,-90.5331836
Birds,Lawrence,38.8369899,-87.6678032
Lacon,Marshall,41.0247583,-89.4112007
Harlem,Winnebago,42.3402964,-89.017884
Medora,Macoupin,39.1744908,-90.1431654
Cicero,Cook,41.8455878,-87.7539448
Thompsonville,Franklin,37.9175489,-88.7622836
Bluff City,Fayette,38.9639343,-89.0464537
Wilmette,Cook,42.0722513,-87.7228384
Sheridan,La Salle,41.5300309,-88.6797969
Huey,Clinton,38.6044931,-89.2911874
Chicago Ridge,Cook,41.7014217,-87.7792196
East Hazel Crest,Cook,41.5736457,-87.6464346
Longview,Champaign,39.8867002,-88.0664274
Vera,Fayette,39.0342114,-89.1131251
Horatio Gardens,Lake,42.1644698,-87.9422936
Kings,Ogle,42.004195,-89.1059327
Whiteash,Williamson,37.785369,-88.92931
Marley,Will,41.5486432,-87.9256095
Lakewood Shores,Will,41.2816984,-88.1447794
Litchfield,Montgomery,39.1753256,-89.6542579
North Glen Ellyn,DuPage,41.8919736,-88.0631233
Mount Morris,Ogle,42.0503062,-89.4312201
Riverwoods,Lake,42.1675254,-87.897014
South Barrington,Cook,42.0914152,-88.1217421
Island Lake,Lake,42.2761341,-88.1920272
Olympia Fields,Cook,41.513368,-87.6742119
West Jersey,Stark,41.018926,-89.9270538
Holder,McLean,40.4511462,-88.8042368
Mapleton,Peoria,40.5664276,-89.7317726
Rochelle,Ogle,41.9239178,-89.0687074
Chatsworth,Livingston,40.7536464,-88.2919947
Pinckneyville,Perry,38.0803286,-89.3820321
Elkhart,Logan,40.0206041,-89.4828792
Newman,Douglas,39.7986455,-87.9858677
Dana,La Salle,40.9578103,-88.9500761
Fisher,Champaign,40.3147555,-88.3500541
Hettick,Macoupin,39.3550469,-90.037052
North Riverside,Cook,41.8428094,-87.8231138
Oak Grove,Rock Island,41.4105894,-90.5706911
Bondville,Champaign,40.1133655,-88.3694996
Arthur,Douglas,39.7147552,-88.472278
Capron,Boone,42.3997408,-88.7403793
Brownstown,Fayette,38.995878,-88.9528394
Clarendon Hills,DuPage,41.7975307,-87.9547835
Bureau Junction,Bureau,41.2877304,-89.3641604
Washington Park,Saint Clair,38.6350501,-90.0928852
New Canton,Pike,39.6361576,-91.0959713
Florence,Pike,39.6272694,-90.6106819
Lilymoor,McHenry,42.3305775,-88.2131405
New Bedford,Bureau,41.5128119,-89.7206562
Jonesboro,Union,37.4517163,-89.2681402
Nilwood,Macoupin,39.3981062,-89.8087086
Stronghurst,Henderson,40.7469845,-90.9040284
Waukegan,Lake,42.3636331,-87.8447938
Richmond,McHenry,42.4758522,-88.3059251
Freeman Spur,Williamson,37.861161,-88.9972949
Williamsfield,Knox,40.9225373,-90.0145584
Cortland,DeKalb,41.9200288,-88.6886963
Bridgeport,Lawrence,38.7058806,-87.7600285
Toluca,Marshall,41.0022556,-89.133416
Stolle,Saint Clair,38.543385,-90.1698331
Rapids City,Rock Island,41.5817,-90.3434615
Xenia,Clay,38.6358808,-88.6347744
Versailles,Brown,39.8850477,-90.6559611
Summit,Cook,41.7880876,-87.810334
McCormick,Pope,37.5506056,-88.6706106
Divernon,Sangamon,39.5656082,-89.6573192
Champaign,Champaign,40.1164205,-88.2433829
Humboldt,Coles,39.6042,-88.3189362
Byron,Ogle,42.1269692,-89.2556618
New Haven,Gallatin,37.9086568,-88.1292021
Elliott,Ford,40.4647562,-88.2722728
Cameron,Warren,40.8889273,-90.5173548
Forsyth,Macon,39.9325368,-88.9511912
Richview,Washington,38.378383,-89.1800752
Verona,Grundy,41.2178109,-88.5014557
Strawn,Livingston,40.6525346,-88.3964427
Gages Lake,Lake,42.3516887,-87.9825772
Crystal Lake,McHenry,42.2411344,-88.3161965
Chebanse,Kankakee,41.003088,-87.9080965
West York,Crawford,39.1711508,-87.6736375
Arlington,Bureau,41.4736452,-89.2492531
Stillman Valley,Ogle,42.1072475,-89.1792706
Fairbury,Livingston,40.7472566,-88.5147789
Hammond,Piatt,39.7969783,-88.5917296
Kirkwood,Warren,40.8658717,-90.7484703
Swanwick,Perry,38.1697729,-89.5362038
Effingham,Effingham,39.1200418,-88.5433829
Lawrenceville,Lawrence,38.7292138,-87.6816927
Gurnee,Lake,42.3702996,-87.9020186
Varna,Marshall,41.0364236,-89.2261963
Minier,Tazewell,40.4336504,-89.3131465
Rochester,Sangamon,39.7494943,-89.5317603